URL,URL_LENGTH,NUMBER_SPECIAL_CHARACTERS,CONTENT_LENGTH,SOURCE_APP_PACKETS,REMOTE_APP_PACKETS,Result
M0_109,16,7,263,9,10,1
B0_2314,16,6,15087,17,19,0
B0_911,16,6,324,0,0,0
B0_113,17,6,162,39,37,0
B0_403,17,6,124140,61,62,0
B0_2064,18,7,NA,11,13,0
B0_462,18,6,345,14,13,0
B0_1128,19,6,324,0,0,0
M2_17,20,5,NA,2,3,1
M3_75,20,5,NA,2,1,1
B0_1013,20,6,NA,0,0,0
B0_1102,20,6,324,0,0,0
B0_22,20,7,13716,20,20,0
B0_482,20,6,3692,35,29,0
B0_869,20,7,13054,0,0,0
M0_71,21,7,957,11,10,1
M0_97,21,7,686,8,9,1
B0_2303,21,6,324,7,9,0
B0_584,21,6,15025,15,17,0
M0_69,22,7,324,11,9,1
B0_161,22,6,NA,43,42,0
B0_2122,22,6,318,8,10,0
B0_2176,22,6,224,4,6,0
B0_569,22,7,4421,16,12,0
B0_601,22,6,NA,10,10,0
B0_884,22,6,441,0,0,0
B0_905,22,6,NA,0,0,0
B0_916,22,6,6671,0,0,0
B0_102,23,6,NA,18,20,0
B0_1130,23,6,434,0,0,0
B0_1185,23,6,324,0,0,0
B0_1369,23,6,13001,0,0,0
B0_1412,23,7,3257,0,0,0
B0_2217,23,6,6748,7,4,0
B0_2240,23,7,NA,24,11,0
B0_23,23,6,NA,23,20,0
B0_241,23,6,NA,23,25,0
B0_285,23,6,NA,8,8,0
B0_465,23,6,NA,14,15,0
B0_599,23,6,NA,47,50,0
B0_614,23,6,240,10,11,0
B0_622,23,6,3985,46,45,0
B0_790,23,6,324,0,0,0
M0_175,24,8,6173,2,5,1
M0_89,24,9,319,9,10,1
B0_108,24,6,NA,96,106,0
B0_126,24,6,34,69,75,0
B0_171,24,7,NA,18,18,0
B0_2301,24,6,1778,7,9,0
B0_2313,24,6,NA,6,4,0
B0_2315,24,6,324,6,8,0
B0_282,24,8,224,23,23,0
B0_321,24,6,NA,16,16,0
B0_326,24,7,318,25,13,0
B0_483,24,7,NA,22,22,0
B0_543,24,6,345,21,25,0
B0_656,24,6,756,27,28,0
B0_1163,25,6,NA,0,0,0
B0_1308,25,7,NA,0,0,0
B0_1347,25,6,14839,0,0,0
B0_2127,25,6,324,5,4,0
B0_2224,25,6,NA,6,7,0
B0_468,25,6,NA,16,17,0
B0_568,25,6,658,15,16,0
B0_577,25,6,NA,22,17,0
B0_704,25,6,NA,42,35,0
B0_781,25,6,195,0,0,0
B0_786,25,6,324,0,0,0
B0_886,25,6,NA,0,0,0
M0_111,26,8,NA,14,14,1
M0_15,26,8,NA,11,12,1
M0_171,26,7,4166,30,30,1
M0_68,26,7,962,11,12,1
M0_70,26,7,962,11,10,1
M0_72,26,7,962,11,9,1
B0_1125,26,6,2688,0,0,0
B0_1205,26,7,NA,0,0,0
B0_1321,26,6,NA,0,0,0
B0_1374,26,6,199,0,0,0
B0_159,26,6,3548,19,19,0
B0_173,26,7,NA,30,19,0
B0_179,26,6,0,53,50,0
B0_2027,26,6,5426,9,10,0
B0_2152,26,7,NA,11,9,0
B0_2293,26,6,NA,4,6,0
B0_256,26,6,345,47,47,0
B0_258,26,7,NA,50,18,0
B0_297,26,7,NA,25,27,0
B0_660,26,6,NA,11,12,0
B0_793,26,6,NA,0,0,0
B0_859,26,6,324,0,0,0
B0_883,26,6,NA,0,0,0
B0_928,26,6,NA,0,0,0
B0_982,26,6,NA,0,0,0
M0_67,27,7,8756,44,45,1
M0_75,27,7,193,11,13,1
B0_1209,27,8,NA,0,0,0
B0_1353,27,6,324,0,0,0
B0_2085,27,6,NA,3,5,0
B0_362,27,6,NA,46,44,0
B0_453,27,6,7967,8,11,0
B0_966,27,7,11506,0,0,0
M0_21,28,9,NA,7,9,1
M0_94,28,7,324,9,9,1
B0_1020,28,8,39036,0,0,0
B0_1038,28,6,NA,0,0,0
B0_1357,28,7,NA,0,0,0
B0_1413,28,7,NA,0,0,0
B0_2061,28,7,NA,6,8,0
B0_2182,28,7,NA,8,10,0
B0_2228,28,6,324,5,6,0
B0_229,28,7,8578,29,25,0
B0_2309,28,6,10576,14,12,0
B0_310,28,7,324,23,24,0
B0_332,28,7,12846,23,27,0
B0_438,28,7,6666,70,64,0
B0_563,28,6,445,30,33,0
B0_638,28,8,NA,8,8,0
B0_695,28,7,324,39,48,0
B0_835,28,6,NA,0,0,0
B0_96,28,6,NA,30,36,0
B0_981,28,6,18438,0,0,0
M0_106,29,7,7314,40,40,1
M0_74,29,7,324,7,8,1
B0_1044,29,6,NA,0,0,0
B0_1051,29,6,0,0,0,0
B0_1095,29,8,9136,0,0,0
B0_1096,29,6,5019,0,0,0
B0_1117,29,7,NA,0,0,0
B0_1154,29,6,210,0,0,0
B0_1287,29,6,8654,0,0,0
B0_1408,29,7,238,0,0,0
B0_170,29,6,26856,30,30,0
B0_2024,29,6,324,12,9,0
B0_2089,29,7,NA,709,837,0
B0_2123,29,6,10210,5,7,0
B0_2128,29,6,13684,15,9,0
B0_2166,29,6,324,3,5,0
B0_2242,29,6,770,5,7,0
B0_2266,29,8,6813,17,15,0
B0_259,29,6,324,38,26,0
B0_44,29,6,34,12,14,0
B0_448,29,7,NA,38,36,0
B0_499,29,8,20404,37,35,0
B0_626,29,8,NA,36,33,0
B0_642,29,6,7159,23,18,0
B0_726,29,6,NA,29,30,0
B0_887,29,6,388,0,0,0
B0_894,29,6,199,0,0,0
B0_920,29,8,324,0,0,0
B0_942,29,6,NA,0,0,0
B0_978,29,6,NA,0,0,0
M0_112,30,8,177,9,9,1
B0_1052,30,6,NA,0,0,0
B0_1388,30,6,199,0,0,0
B0_160,30,7,NA,18,17,0
B0_169,30,6,NA,76,69,0
B0_209,30,6,NA,28,27,0
B0_2097,30,6,NA,18,19,0
B0_2206,30,6,NA,6,9,0
B0_2282,30,6,14703,2,4,0
B0_330,30,6,8751,19,17,0
B0_348,30,6,324,92,100,0
B0_369,30,7,NA,37,37,0
B0_560,30,6,NA,39,41,0
B0_639,30,6,NA,88,44,0
B0_711,30,7,350,27,26,0
B0_73,30,7,NA,52,48,0
B0_824,30,8,NA,0,0,0
B0_891,30,6,NA,0,0,0
B0_931,30,7,NA,0,0,0
M0_73,31,7,324,11,11,1
B0_1028,31,8,604,0,0,0
B0_1114,31,7,287,0,0,0
B0_1127,31,7,NA,0,0,0
B0_1241,31,8,65815,0,0,0
B0_140,31,6,NA,77,70,0
B0_2158,31,6,NA,9,12,0
B0_2278,31,7,4075,4,6,0
B0_263,31,8,287,9,9,0
B0_501,31,7,NA,32,32,0
B0_504,31,7,5132,33,33,0
B0_597,31,6,324,29,28,0
B0_65,31,6,324,22,23,0
B0_658,31,6,NA,29,27,0
B0_698,31,8,324,105,113,0
B0_705,31,6,NA,16,16,0
B0_761,31,7,NA,69,64,0
B0_850,31,7,22004,0,0,0
B0_945,31,6,NA,0,0,0
B0_992,31,7,345,0,0,0
M0_136,32,11,643,30,26,1
M0_140,32,9,637,20,16,1
B0_1175,32,8,NA,0,0,0
B0_1181,32,6,34,0,0,0
B0_1222,32,8,NA,0,0,0
B0_128,32,9,420762,19,26,0
B0_1341,32,8,1399,0,0,0
B0_1372,32,6,NA,0,0,0
B0_1381,32,7,NA,0,0,0
B0_14,32,7,NA,20,20,0
B0_165,32,7,NA,61,52,0
B0_176,32,8,NA,28,29,0
B0_2015,32,6,NA,4,5,0
B0_2095,32,8,328,5,7,0
B0_218,32,7,NA,102,121,0
B0_2229,32,8,324,11,15,0
B0_2271,32,6,199,6,7,0
B0_254,32,8,334,10,13,0
B0_303,32,7,287,73,70,0
B0_40,32,7,20212,49,28,0
B0_400,32,8,NA,40,40,0
B0_437,32,8,NA,28,25,0
B0_491,32,7,NA,11,12,0
B0_507,32,7,11827,42,35,0
B0_582,32,8,1108,17,16,0
B0_937,32,7,324,0,0,0
M0_122,33,11,646,17,14,1
M0_125,33,9,637,31,26,1
M0_138,33,9,640,24,20,1
M0_142,33,9,643,4,6,1
M0_59,33,9,NA,18,15,1
M0_96,33,11,NA,12,11,1
B0_1068,33,7,NA,0,0,0
B0_1101,33,8,NA,0,0,0
B0_1141,33,8,NA,0,0,0
B0_1190,33,6,NA,0,0,0
B0_1239,33,6,NA,0,0,0
B0_1288,33,6,19890,0,0,0
B0_1350,33,8,NA,0,0,0
B0_1390,33,9,18302,0,0,0
B0_1419,33,7,318,0,0,0
B0_163,33,8,NA,56,51,0
B0_2100,33,7,NA,4,5,0
B0_2126,33,6,NA,7,6,0
B0_215,33,8,NA,40,32,0
B0_2155,33,7,60722,4,6,0
B0_2205,33,6,NA,8,9,0
B0_2219,33,6,NA,5,7,0
B0_2289,33,8,NA,10,6,0
B0_312,33,6,39,28,30,0
B0_570,33,8,1371,27,27,0
B0_652,33,7,NA,111,130,0
B0_783,33,6,NA,0,0,0
M0_130,34,11,655,35,27,1
M0_159,34,11,649,21,18,1
M0_166,34,9,NA,32,31,1
M0_180,34,9,214,11,14,1
B0_1036,34,6,18298,0,0,0
B0_1054,34,7,324,0,0,0
B0_1087,34,7,1819,0,0,0
B0_110,34,7,1819,41,40,0
B0_1207,34,8,NA,0,0,0
B0_1337,34,6,NA,0,0,0
B0_1342,34,7,NA,0,0,0
B0_1382,34,7,NA,0,0,0
B0_2098,34,7,6474,6,9,0
B0_2104,34,7,NA,8,10,0
B0_2124,34,6,NA,34,7,0
B0_2125,34,7,NA,3,5,0
B0_2142,34,9,1486,5,5,0
B0_2221,34,9,10892,3,4,0
B0_2320,34,9,NA,4,5,0
B0_322,34,8,7255,23,26,0
B0_460,34,7,6608,46,45,0
B0_493,34,6,NA,42,42,0
B0_586,34,9,111,23,24,0
B0_688,34,6,NA,31,33,0
B0_746,34,8,996,11,10,0
B0_760,34,7,1501,29,29,0
B0_864,34,7,NA,0,0,0
B0_897,34,7,NA,0,0,0
B0_961,34,6,324,0,0,0
M0_107,35,9,7314,45,45,1
M0_108,35,9,7314,45,45,1
M0_110,35,11,NA,20,21,1
M0_123,35,11,652,21,17,1
M0_124,35,11,652,29,26,1
M0_127,35,9,646,16,12,1
M0_135,35,11,652,25,20,1
M0_137,35,11,652,24,22,1
M0_148,35,11,652,25,22,1
M0_152,35,11,652,31,25,1
M0_165,35,8,NA,21,23,1
B0_1029,35,9,NA,0,0,0
B0_1148,35,8,4685,0,0,0
B0_1299,35,8,NA,0,0,0
B0_144,35,6,324,24,25,0
B0_183,35,8,NA,25,25,0
B0_194,35,9,324,53,61,0
B0_2026,35,9,39362,4,4,0
B0_2067,35,7,NA,3,4,0
B0_2087,35,9,NA,4,6,0
B0_2144,35,10,NA,10,12,0
B0_2156,35,7,14462,8,5,0
B0_2270,35,9,NA,4,6,0
B0_2295,35,8,NA,21,24,0
B0_2319,35,7,289,5,6,0
B0_308,35,6,324,29,27,0
B0_337,35,7,38115,49,46,0
B0_385,35,8,NA,43,42,0
B0_461,35,9,NA,16,17,0
B0_573,35,9,NA,56,51,0
B0_717,35,7,8813,45,42,0
B0_739,35,8,1002,36,39,0
B0_807,35,7,16875,0,0,0
B0_82,35,8,NA,31,33,0
B0_9,35,7,330,18,23,0
B0_965,35,6,NA,0,0,0
B0_971,35,8,1002,0,0,0
M0_121,36,10,655,228,216,1
M0_129,36,11,655,11,10,1
M0_131,36,11,655,23,17,1
M0_133,36,9,646,15,12,1
M0_134,36,11,655,29,23,1
M0_157,36,11,655,27,23,1
M0_169,36,8,NA,8,10,1
B0_1042,36,8,10133,0,0,0
B0_1049,36,8,324,0,0,0
B0_1277,36,7,NA,0,0,0
B0_1306,36,6,1108,0,0,0
B0_1359,36,7,324,0,0,0
B0_1363,36,7,NA,0,0,0
B0_197,36,8,NA,20,27,0
B0_200,36,8,NA,16,19,0
B0_2101,36,7,NA,3,4,0
B0_2250,36,8,NA,2,3,0
B0_2260,36,8,NA,5,7,0
B0_2290,36,8,NA,5,5,0
B0_290,36,8,NA,22,19,0
B0_305,36,7,19879,65,79,0
B0_366,36,8,NA,91,96,0
B0_444,36,7,324,10,11,0
B0_445,36,8,NA,28,19,0
B0_474,36,6,210,5,6,0
B0_487,36,7,3326,16,18,0
B0_60,36,7,293,16,13,0
B0_69,36,7,231,9,11,0
B0_701,36,7,11418,21,21,0
B0_809,36,8,NA,0,0,0
B0_952,36,8,NA,0,0,0
B0_990,36,7,11692,0,0,0
M0_101,37,10,NA,51,53,1
M0_115,37,9,296,4,5,1
M0_16,37,9,162,3,4,1
M0_176,37,11,NA,50,50,1
M0_179,37,10,NA,16,14,1
M0_60,37,9,188,21,13,1
B0_1008,37,7,NA,0,0,0
B0_1167,37,7,6062,0,0,0
B0_1196,37,7,219,0,0,0
B0_1204,37,9,1002,0,0,0
B0_1219,37,10,14109,0,0,0
B0_1316,37,8,324,0,0,0
B0_1398,37,9,NA,0,0,0
B0_1402,37,8,NA,0,0,0
B0_2056,37,9,8022,23,11,0
B0_2093,37,9,32441,11,14,0
B0_2116,37,7,7891,6,8,0
B0_2143,37,8,NA,4,5,0
B0_2230,37,8,1840,8,11,0
B0_2277,37,8,12768,6,6,0
B0_361,37,7,NA,6,6,0
B0_386,37,9,NA,37,35,0
B0_450,37,7,NA,33,35,0
B0_457,37,8,NA,48,48,0
B0_476,37,8,4297,22,18,0
B0_59,37,9,NA,17,15,0
B0_593,37,9,NA,23,31,0
B0_646,37,8,135444,70,88,0
B0_677,37,9,616,26,28,0
B0_777,37,8,6944,0,0,0
B0_946,37,8,1819,0,0,0
B0_947,37,7,7783,0,0,0
M0_120,38,10,337,14,5,1
M0_151,38,11,661,30,27,1
M0_42,38,9,2516,21,15,1
M0_43,38,9,2516,25,25,1
M0_90,38,10,215,9,9,1
B0_1019,38,9,4397,0,0,0
B0_1030,38,8,1819,0,0,0
B0_109,38,8,NA,20,20,0
B0_1100,38,8,NA,0,0,0
B0_1224,38,8,39740,0,0,0
B0_127,38,9,68067,23,23,0
B0_1289,38,10,40299,0,0,0
B0_1329,38,9,NA,0,0,0
B0_1349,38,8,NA,0,0,0
B0_1365,38,9,NA,0,0,0
B0_1387,38,8,345,0,0,0
B0_1403,38,7,324,0,0,0
B0_1404,38,9,3916,0,0,0
B0_184,38,8,1819,47,45,0
B0_2011,38,7,34,7,9,0
B0_2118,38,8,NA,13,16,0
B0_2138,38,7,1172,4,4,0
B0_2213,38,6,324,6,8,0
B0_2274,38,8,NA,3,5,0
B0_246,38,7,24087,12,9,0
B0_295,38,9,618,54,42,0
B0_34,38,8,6746,41,31,0
B0_360,38,8,324,29,24,0
B0_37,38,7,324,15,13,0
B0_41,38,6,9555,27,21,0
B0_428,38,6,NA,66,77,0
B0_441,38,8,1840,27,28,0
B0_464,38,10,4929,20,20,0
B0_496,38,8,12400,22,20,0
B0_536,38,9,42952,41,53,0
B0_624,38,7,NA,24,24,0
B0_721,38,7,NA,50,40,0
B0_737,38,9,NA,294,431,0
B0_813,38,8,NA,0,0,0
B0_90,38,7,7868,50,42,0
B0_914,38,9,220,0,0,0
B0_918,38,7,7797,0,0,0
B0_927,38,9,NA,0,0,0
M0_141,39,13,637,4,6,1
M0_144,39,11,640,15,12,1
M0_145,39,11,640,32,25,1
M0_150,39,11,661,26,26,1
M0_44,39,9,2516,26,23,1
M0_91,39,10,216,12,11,1
B0_1009,39,8,NA,0,0,0
B0_1050,39,7,256306,0,0,0
B0_1061,39,8,NA,0,0,0
B0_1065,39,9,NA,0,0,0
B0_1079,39,9,NA,0,0,0
B0_1084,39,9,NA,0,0,0
B0_1099,39,9,NA,0,0,0
B0_1108,39,9,NA,0,0,0
B0_1161,39,8,404,0,0,0
B0_1174,39,9,NA,0,0,0
B0_1176,39,8,NA,0,0,0
B0_1178,39,8,NA,0,0,0
B0_1198,39,7,7472,0,0,0
B0_1210,39,8,3063,0,0,0
B0_1234,39,8,NA,0,0,0
B0_125,39,6,NA,36,37,0
B0_1252,39,8,NA,0,0,0
B0_1279,39,7,12985,0,0,0
B0_1285,39,8,NA,0,0,0
B0_1300,39,8,9352,0,0,0
B0_1338,39,8,NA,0,0,0
B0_1344,39,7,NA,0,0,0
B0_138,39,8,NA,71,68,0
B0_1380,39,8,NA,0,0,0
B0_1384,39,10,NA,0,0,0
B0_155,39,8,NA,12,11,0
B0_19,39,8,NA,22,20,0
B0_195,39,8,NA,72,68,0
B0_2004,39,8,NA,2,4,0
B0_2052,39,8,NA,16,4,0
B0_2079,39,8,NA,34,22,0
B0_2103,39,8,NA,6,3,0
B0_2121,39,8,NA,5,7,0
B0_2136,39,8,9050,22,18,0
B0_2160,39,8,NA,22,11,0
B0_2179,39,8,NA,2,4,0
B0_2193,39,9,620,3,5,0
B0_2202,39,8,NA,18,16,0
B0_2241,39,9,889,10,7,0
B0_2244,39,9,1502,8,12,0
B0_2269,39,9,NA,4,5,0
B0_2284,39,10,NA,3,4,0
B0_2285,39,10,NA,12,4,0
B0_2291,39,7,340,11,10,0
B0_2297,39,9,NA,9,11,0
B0_233,39,9,NA,33,32,0
B0_253,39,8,1002,14,20,0
B0_273,39,8,NA,29,26,0
B0_345,39,7,NA,30,29,0
B0_356,39,9,NA,73,70,0
B0_389,39,7,431,11,12,0
B0_392,39,9,1500,46,46,0
B0_393,39,8,NA,52,68,0
B0_471,39,9,1819,48,47,0
B0_480,39,6,NA,79,73,0
B0_50,39,8,324,14,16,0
B0_523,39,8,NA,30,32,0
B0_606,39,9,NA,27,26,0
B0_61,39,8,NA,81,80,0
B0_631,39,9,NA,74,71,0
B0_632,39,10,8507,17,18,0
B0_644,39,9,NA,70,65,0
B0_666,39,10,NA,65,64,0
B0_710,39,9,121211,38,38,0
B0_742,39,8,NA,69,66,0
B0_795,39,9,NA,0,0,0
B0_820,39,8,NA,0,0,0
B0_830,39,8,NA,0,0,0
B0_839,39,8,NA,0,0,0
B0_841,39,8,NA,0,0,0
B0_85,39,8,NA,78,77,0
B0_854,39,8,NA,0,0,0
B0_865,39,9,58,0,0,0
B0_870,39,8,1007,0,0,0
B0_876,39,7,NA,0,0,0
B0_900,39,8,NA,0,0,0
B0_902,39,8,NA,0,0,0
B0_915,39,9,NA,0,0,0
B0_948,39,8,NA,0,0,0
B0_988,39,8,NA,0,0,0
M0_126,40,13,637,16,12,1
M0_139,40,13,640,18,14,1
M0_143,40,13,643,15,12,1
M0_158,40,11,667,29,25,1
M0_160,40,11,667,25,22,1
M0_39,40,10,3016,17,18,1
M0_45,40,9,2516,25,22,1
B0_1011,40,9,NA,0,0,0
B0_1017,40,9,NA,0,0,0
B0_1033,40,7,7283,0,0,0
B0_1075,40,10,12513,0,0,0
B0_1116,40,7,13183,0,0,0
B0_1142,40,7,6222,0,0,0
B0_116,40,9,7942,12,14,0
B0_1195,40,7,NA,0,0,0
B0_1228,40,9,NA,0,0,0
B0_1244,40,8,NA,0,0,0
B0_1311,40,9,NA,0,0,0
B0_1383,40,12,3013,0,0,0
B0_1415,40,11,NA,0,0,0
B0_2010,40,10,4692,7,5,0
B0_2034,40,7,9433,3,5,0
B0_2068,40,9,NA,14,4,0
B0_2148,40,9,324,3,5,0
B0_222,40,8,11590,162,206,0
B0_2275,40,9,230,5,4,0
B0_2323,40,6,NA,12,10,0
B0_251,40,7,618,26,27,0
B0_309,40,8,NA,19,20,0
B0_349,40,9,NA,20,26,0
B0_353,40,9,622,14,13,0
B0_376,40,9,NA,23,25,0
B0_391,40,6,324,24,26,0
B0_409,40,7,NA,84,88,0
B0_416,40,6,1108,19,19,0
B0_442,40,9,NA,30,36,0
B0_520,40,9,63279,60,59,0
B0_552,40,8,15240,12,12,0
B0_562,40,9,65993,28,29,0
B0_590,40,7,1819,56,54,0
B0_685,40,8,NA,20,23,0
B0_697,40,8,15363,24,27,0
B0_703,40,6,411,20,19,0
B0_765,40,7,38119,44,37,0
B0_803,40,9,NA,0,0,0
B0_863,40,9,NA,0,0,0
B0_976,40,7,6498,0,0,0
B0_980,40,9,622,0,0,0
M0_116,41,13,643,13,12,1
M0_156,41,11,670,21,19,1
M0_52,41,10,2516,30,26,1
M0_57,41,11,27103,26,28,1
M0_92,41,10,218,11,10,1
B0_107,41,6,318,14,13,0
B0_1283,41,8,NA,0,0,0
B0_1296,41,8,65473,0,0,0
B0_1373,41,9,NA,0,0,0
B0_1378,41,8,324,0,0,0
B0_1425,41,10,NA,0,0,0
B0_192,41,9,NA,0,2,0
B0_2019,41,9,NA,3,4,0
B0_2135,41,9,NA,7,7,0
B0_2299,41,9,7065,6,8,0
B0_238,41,7,10588,22,24,0
B0_26,41,8,NA,12,12,0
B0_275,41,9,NA,42,37,0
B0_30,41,7,281,22,23,0
B0_364,41,8,324,14,16,0
B0_373,41,8,NA,40,38,0
B0_390,41,8,NA,30,35,0
B0_427,41,10,13,8,5,0
B0_434,41,8,NA,44,53,0
B0_713,41,8,NA,1,2,0
B0_731,41,10,NA,16,16,0
B0_758,41,9,NA,110,101,0
B0_829,41,10,9817,0,0,0
B0_855,41,9,NA,0,0,0
B0_910,41,9,NA,0,0,0
M0_128,42,13,646,11,10,1
M0_154,42,11,673,24,21,1
M0_155,42,11,673,24,21,1
M0_40,42,10,NA,17,20,1
M0_47,42,10,2516,30,25,1
M0_48,42,10,2516,31,28,1
M0_50,42,10,2516,29,24,1
M0_53,42,10,2516,31,28,1
M1_3,42,8,895,19,17,1
B0_104,42,7,NA,57,55,0
B0_1131,42,8,NA,0,0,0
B0_1139,42,7,NA,0,0,0
B0_1236,42,10,NA,0,0,0
B0_1257,42,8,7289,0,0,0
B0_1260,42,8,4974,0,0,0
B0_1266,42,10,NA,0,0,0
B0_1268,42,9,4691,0,0,0
B0_1303,42,8,NA,0,0,0
B0_1351,42,11,NA,0,0,0
B0_1375,42,10,1819,0,0,0
B0_1422,42,9,1505,0,0,0
B0_146,42,9,7509,13,12,0
B0_2112,42,9,5127,4,5,0
B0_2172,42,7,NA,6,8,0
B0_2185,42,9,NA,6,7,0
B0_2218,42,8,NA,5,6,0
B0_2231,42,9,324,8,6,0
B0_291,42,8,NA,37,35,0
B0_314,42,8,2766,41,34,0
B0_328,42,8,NA,32,36,0
B0_33,42,9,NA,17,18,0
B0_363,42,7,NA,23,26,0
B0_510,42,9,10561,19,21,0
B0_518,42,9,8769,7,6,0
B0_527,42,7,12608,77,68,0
B0_575,42,9,324,33,27,0
B0_603,42,8,94,16,8,0
B0_818,42,8,NA,0,0,0
B0_840,42,8,324,0,0,0
B0_92,42,8,NA,26,32,0
B0_939,42,9,NA,0,0,0
B0_963,42,7,497,0,0,0
B0_985,42,7,NA,0,0,0
M0_132,43,13,646,15,12,1
M0_153,43,11,673,24,22,1
M0_54,43,10,2516,29,27,1
M0_64,43,11,NA,12,12,1
M0_9,43,10,NA,10,9,1
M0_95,43,10,7550,13,13,1
M4_75,43,10,NA,0,2,1
B0_1005,43,8,324,0,0,0
B0_1010,43,9,NA,0,0,0
B0_1112,43,9,NA,0,0,0
B0_1177,43,9,NA,0,0,0
B0_120,43,8,236,18,19,0
B0_1335,43,8,NA,0,0,0
B0_1420,43,9,NA,0,0,0
B0_180,43,8,NA,21,21,0
B0_2008,43,7,NA,15,4,0
B0_2036,43,9,NA,29,12,0
B0_206,43,7,324,43,39,0
B0_2070,43,8,13089,4,7,0
B0_2188,43,9,19724,4,6,0
B0_2194,43,9,NA,9,8,0
B0_236,43,9,NA,37,37,0
B0_242,43,9,389,87,107,0
B0_271,43,8,NA,86,71,0
B0_324,43,9,6744,28,31,0
B0_331,43,12,5653,12,12,0
B0_354,43,8,324,31,17,0
B0_43,43,9,NA,22,21,0
B0_553,43,10,NA,27,24,0
B0_612,43,7,324,23,20,0
B0_667,43,7,497,51,50,0
B0_759,43,7,20592,69,71,0
B0_782,43,10,NA,0,0,0
B0_885,43,9,NA,0,0,0
B0_989,43,10,4816,0,0,0
M0_49,44,10,2516,28,24,1
B0_1055,44,10,8219,0,0,0
B0_1097,44,8,NA,0,0,0
B0_1111,44,11,334,0,0,0
B0_1180,44,9,634,0,0,0
B0_1213,44,9,NA,0,0,0
B0_1230,44,9,NA,0,0,0
B0_1405,44,7,324,0,0,0
B0_190,44,8,NA,23,23,0
B0_2055,44,10,NA,17,13,0
B0_2090,44,9,1511,6,8,0
B0_2139,44,11,1819,5,7,0
B0_2140,44,10,45958,6,8,0
B0_2151,44,9,NA,39,5,0
B0_2257,44,7,NA,14,15,0
B0_226,44,8,11,42,42,0
B0_235,44,9,324,32,33,0
B0_239,44,9,NA,48,48,0
B0_277,44,9,NA,45,41,0
B0_289,44,9,44446,159,176,0
B0_311,44,9,338,11,12,0
B0_316,44,8,345,14,16,0
B0_408,44,9,674,21,20,0
B0_436,44,9,NA,33,25,0
B0_49,44,8,25825,79,79,0
B0_51,44,8,NA,27,25,0
B0_550,44,9,NA,8,8,0
B0_557,44,9,1501,61,53,0
B0_616,44,8,10198,23,23,0
B0_617,44,10,360,20,23,0
B0_633,44,9,16525,14,15,0
B0_641,44,8,NA,22,21,0
B0_733,44,9,6746,24,23,0
B0_832,44,9,NA,0,0,0
B0_833,44,8,324,0,0,0
B0_993,44,8,324,0,0,0
M1_2,45,10,NA,6,6,1
B0_10,45,8,326,11,10,0
B0_1062,45,9,10273,0,0,0
B0_1083,45,9,6748,0,0,0
B0_1085,45,9,NA,0,0,0
B0_1140,45,8,1245,0,0,0
B0_1192,45,10,6264,0,0,0
B0_1232,45,10,1245,0,0,0
B0_1238,45,9,NA,0,0,0
B0_1262,45,7,185,0,0,0
B0_1272,45,7,4764,0,0,0
B0_1318,45,8,324,0,0,0
B0_1343,45,8,365,0,0,0
B0_1411,45,11,NA,0,0,0
B0_158,45,11,3042,18,17,0
B0_2204,45,8,41547,8,6,0
B0_2259,45,11,NA,10,12,0
B0_266,45,9,39,6,7,0
B0_288,45,9,44447,187,263,0
B0_315,45,9,NA,55,53,0
B0_317,45,8,226,46,46,0
B0_406,45,10,217,30,19,0
B0_467,45,10,12368,36,34,0
B0_485,45,9,NA,69,56,0
B0_509,45,9,4695,46,54,0
B0_541,45,10,636,54,51,0
B0_585,45,8,191,3,3,0
B0_608,45,9,23771,23,25,0
B0_683,45,10,14947,23,22,0
B0_686,45,9,NA,77,65,0
B0_691,45,9,324,36,33,0
B0_724,45,10,NA,42,39,0
B0_725,45,8,NA,34,35,0
B0_730,45,9,NA,12,11,0
B0_74,45,9,NA,19,23,0
B0_766,45,7,9194,14,11,0
B0_798,45,10,6560,0,0,0
B0_847,45,10,NA,0,0,0
B0_871,45,9,6746,0,0,0
B0_895,45,9,NA,0,0,0
B0_919,45,8,NA,0,0,0
M0_117,46,11,649,15,14,1
M0_82,46,12,221,9,10,1
B0_112,46,9,NA,75,76,0
B0_1143,46,11,NA,0,0,0
B0_1201,46,9,231,0,0,0
B0_1220,46,9,NA,0,0,0
B0_1221,46,9,11,0,0,0
B0_123,46,11,4698,54,54,0
B0_124,46,9,2393,35,35,0
B0_1270,46,10,NA,0,0,0
B0_1314,46,8,21,0,0,0
B0_1333,46,9,NA,0,0,0
B0_1397,46,9,NA,0,0,0
B0_2016,46,8,22479,7,8,0
B0_2153,46,10,344,5,8,0
B0_2222,46,10,NA,20,12,0
B0_2253,46,11,NA,7,8,0
B0_2302,46,9,NA,6,8,0
B0_234,46,9,17810,58,73,0
B0_237,46,8,193,11,10,0
B0_270,46,11,630,48,52,0
B0_29,46,10,NA,28,30,0
B0_292,46,9,7758,131,144,0
B0_304,46,8,2886,78,96,0
B0_306,46,10,1510,24,24,0
B0_439,46,8,NA,19,18,0
B0_477,46,12,1819,80,80,0
B0_506,46,10,NA,28,27,0
B0_525,46,11,1511,50,38,0
B0_542,46,10,66804,48,36,0
B0_55,46,10,1519,25,30,0
B0_555,46,12,235,16,15,0
B0_565,46,10,166,29,30,0
B0_602,46,8,NA,16,17,0
B0_64,46,10,8745,30,22,0
B0_687,46,10,NA,17,23,0
B0_689,46,8,NA,26,27,0
B0_727,46,8,333,129,145,0
B0_736,46,7,6984,43,41,0
B0_747,46,9,10303,200,255,0
B0_753,46,10,NA,44,47,0
B0_822,46,10,NA,0,0,0
B0_873,46,9,784,0,0,0
B0_889,46,6,NA,0,0,0
M0_86,47,11,NA,34,32,1
B0_1037,47,9,NA,0,0,0
B0_1122,47,9,NA,0,0,0
B0_1216,47,9,NA,0,0,0
B0_1245,47,8,7790,0,0,0
B0_1286,47,9,324,0,0,0
B0_1294,47,8,7362,0,0,0
B0_1295,47,9,NA,0,0,0
B0_1305,47,10,324,0,0,0
B0_1310,47,11,NA,0,0,0
B0_1340,47,10,423,0,0,0
B0_1410,47,9,6748,0,0,0
B0_153,47,10,NA,40,35,0
B0_20,47,10,NA,35,39,0
B0_2005,47,9,17647,9,10,0
B0_2037,47,9,NA,8,10,0
B0_2111,47,9,1148,11,12,0
B0_2177,47,9,NA,13,11,0
B0_220,47,12,NA,33,33,0
B0_2239,47,10,NA,7,10,0
B0_2296,47,9,NA,17,11,0
B0_231,47,11,NA,69,68,0
B0_252,47,10,NA,20,18,0
B0_268,47,10,NA,42,37,0
B0_280,47,11,NA,21,20,0
B0_287,47,9,NA,35,38,0
B0_298,47,8,479,35,29,0
B0_32,47,11,10804,6,9,0
B0_381,47,9,NA,63,64,0
B0_39,47,9,14889,13,15,0
B0_446,47,10,9527,29,31,0
B0_45,47,11,NA,30,33,0
B0_498,47,8,NA,65,64,0
B0_500,47,10,NA,35,36,0
B0_528,47,8,NA,78,100,0
B0_581,47,8,NA,9,10,0
B0_650,47,9,6748,39,27,0
B0_913,47,9,44446,0,0,0
B0_926,47,9,675,0,0,0
B0_949,47,9,193,0,0,0
B0_998,47,11,1819,0,0,0
M0_114,48,10,345,19,21,1
M0_146,48,11,640,31,25,1
M0_46,48,10,2516,28,24,1
M0_51,48,11,2516,30,25,1
M0_99,48,14,NA,50,51,1
B0_1046,48,9,324,0,0,0
B0_1063,48,10,67135,0,0,0
B0_1089,48,11,NA,0,0,0
B0_1109,48,9,NA,0,0,0
B0_1118,48,11,4699,0,0,0
B0_1151,48,11,NA,0,0,0
B0_1170,48,8,324,0,0,0
B0_1259,48,9,16333,0,0,0
B0_131,48,9,1819,41,40,0
B0_1323,48,10,NA,0,0,0
B0_1392,48,11,288,0,0,0
B0_1424,48,8,324,0,0,0
B0_2020,48,8,299,7,10,0
B0_203,48,9,13913,16,15,0
B0_2069,48,9,324,7,9,0
B0_2082,48,9,NA,5,8,0
B0_223,48,9,39,29,29,0
B0_2247,48,9,333,5,8,0
B0_2258,48,11,NA,8,11,0
B0_281,48,11,1819,52,43,0
B0_307,48,9,6748,30,29,0
B0_567,48,7,38123,55,52,0
B0_576,48,8,NA,30,33,0
B0_67,48,11,1371,34,37,0
B0_694,48,10,58,28,26,0
B0_71,48,9,46579,117,134,0
B0_800,48,10,NA,0,0,0
B0_836,48,8,324,0,0,0
B0_874,48,11,NA,0,0,0
M0_149,49,12,528,23,19,1
M0_164,49,12,2211,16,16,1
M0_55,49,13,NA,22,25,1
M0_81,49,12,4877,10,11,1
M0_98,49,13,NA,52,55,1
B0_1066,49,7,NA,0,0,0
B0_1090,49,9,959,0,0,0
B0_1123,49,9,324,0,0,0
B0_1217,49,10,19361,0,0,0
B0_1243,49,11,1819,0,0,0
B0_137,49,9,475,16,18,0
B0_1416,49,9,783,0,0,0
B0_16,49,10,1148,11,9,0
B0_2009,49,11,NA,25,12,0
B0_2029,49,9,NA,12,6,0
B0_2043,49,10,NA,15,11,0
B0_2054,49,12,506,22,18,0
B0_2078,49,9,NA,18,13,0
B0_2107,49,9,5005,3,5,0
B0_2110,49,10,NA,9,15,0
B0_2113,49,7,2367,6,7,0
B0_2262,49,9,NA,5,6,0
B0_2265,49,9,NA,3,4,0
B0_2280,49,9,2119,2,3,0
B0_2317,49,9,128,5,8,0
B0_333,49,11,NA,37,37,0
B0_341,49,9,162,25,27,0
B0_365,49,10,66441,18,20,0
B0_524,49,12,640,40,39,0
B0_609,49,9,44393,8,2,0
B0_637,49,10,6881,30,24,0
B0_648,49,10,NA,57,61,0
B0_663,49,10,1505,49,46,0
B0_729,49,11,1368,0,2,0
B0_838,49,10,NA,0,0,0
B0_896,49,10,NA,0,0,0
B0_923,49,9,NA,0,0,0
B0_95,49,10,236,27,26,0
B0_974,49,9,101,0,0,0
M0_105,50,13,NA,51,53,1
M0_147,50,11,640,28,24,1
M0_88,50,11,1108,9,11,1
B0_1026,50,12,1819,0,0,0
B0_1088,50,9,43996,0,0,0
B0_1370,50,10,13076,0,0,0
B0_1423,50,10,6953,0,0,0
B0_199,50,10,NA,74,84,0
B0_2132,50,9,NA,5,6,0
B0_2180,50,9,3071,8,10,0
B0_371,50,10,243,17,20,0
B0_379,50,10,NA,98,103,0
B0_402,50,11,1819,41,44,0
B0_410,50,10,NA,88,93,0
B0_419,50,11,324,29,28,0
B0_429,50,11,2797,39,43,0
B0_443,50,12,NA,21,21,0
B0_492,50,11,NA,42,42,0
B0_521,50,9,1189,28,23,0
B0_537,50,9,24971,11,12,0
B0_564,50,10,413,14,13,0
B0_610,50,9,5316,59,61,0
B0_682,50,11,435494,228,284,0
B0_708,50,14,NA,26,22,0
B0_789,50,9,324,0,0,0
B0_797,50,11,1208,0,0,0
B0_843,50,9,1149,0,0,0
B0_861,50,10,NA,0,0,0
B0_898,50,10,1970,0,0,0
B0_907,50,10,324,0,0,0
B0_975,50,9,324,0,0,0
M0_100,51,14,NA,48,49,1
M0_119,51,14,NA,14,6,1
B0_1027,51,10,NA,0,0,0
B0_1160,51,10,324,0,0,0
B0_1186,51,10,NA,0,0,0
B0_1346,51,8,25866,0,0,0
B0_1362,51,10,6130,0,0,0
B0_1391,51,9,NA,0,0,0
B0_150,51,10,231,9,10,0
B0_2046,51,9,10333,7,5,0
B0_2147,51,10,9890,9,10,0
B0_2186,51,9,6748,17,10,0
B0_2212,51,12,1819,28,19,0
B0_2227,51,8,162,4,3,0
B0_2279,51,10,324,5,4,0
B0_267,51,11,324,24,17,0
B0_347,51,10,NA,45,37,0
B0_377,51,11,58090,2,2,0
B0_435,51,10,NA,41,33,0
B0_479,51,11,NA,32,31,0
B0_780,51,9,15302,0,0,0
B0_787,51,11,239,0,0,0
B0_814,51,9,NA,0,0,0
B0_837,51,8,57,0,0,0
B0_938,51,11,557,0,0,0
M0_104,52,14,NA,43,44,1
M0_161,52,12,13650,22,20,1
M0_58,52,14,NA,18,15,1
B0_1007,52,9,NA,0,0,0
B0_1022,52,12,NA,0,0,0
B0_1076,52,10,17302,0,0,0
B0_1080,52,10,5315,0,0,0
B0_1115,52,10,1516,0,0,0
B0_1166,52,11,NA,0,0,0
B0_1191,52,12,NA,0,0,0
B0_1293,52,10,NA,0,0,0
B0_1304,52,10,3529,0,0,0
B0_1307,52,12,NA,0,0,0
B0_181,52,11,8105,17,11,0
B0_2014,52,10,1235,4,6,0
B0_2032,52,9,11,6,7,0
B0_2109,52,10,NA,5,7,0
B0_211,52,9,9662,26,25,0
B0_2198,52,9,44313,4,5,0
B0_2232,52,10,257,4,7,0
B0_2316,52,11,NA,3,4,0
B0_261,52,11,NA,62,63,0
B0_319,52,9,NA,14,17,0
B0_325,52,10,17167,14,15,0
B0_401,52,10,NA,57,62,0
B0_420,52,8,NA,29,30,0
B0_634,52,11,NA,25,26,0
B0_670,52,11,0,23,8,0
B0_696,52,11,14863,18,23,0
B0_741,52,10,257,37,34,0
B0_880,52,10,5443,0,0,0
B0_89,52,9,28239,55,58,0
B0_908,52,8,NA,0,0,0
B0_909,52,10,NA,0,0,0
B0_954,52,11,NA,0,0,0
B0_956,52,11,9801,0,0,0
M0_80,53,12,242,10,10,1
B0_1012,53,11,NA,0,0,0
B0_1091,53,10,NA,0,0,0
B0_1247,53,8,11158,0,0,0
B0_1264,53,10,NA,0,0,0
B0_1325,53,12,NA,0,0,0
B0_1336,53,11,NA,0,0,0
B0_2048,53,10,22897,9,10,0
B0_2119,53,11,8466,26,13,0
B0_2131,53,10,NA,7,8,0
B0_2268,53,9,2023,12,16,0
B0_294,53,7,NA,18,17,0
B0_472,53,12,211,21,21,0
B0_556,53,12,359174,19,22,0
B0_827,53,9,324,0,0,0
B0_862,53,10,324,0,0,0
B0_91,53,11,NA,20,19,0
B0_951,53,12,NA,0,0,0
B0_977,53,9,20309,0,0,0
M0_41,54,11,228,9,9,1
M0_87,54,11,17140,31,37,1
B0_1002,54,11,7849,0,0,0
B0_1059,54,12,NA,0,0,0
B0_1129,54,9,341,0,0,0
B0_1149,54,12,2503,0,0,0
B0_1188,54,9,324,0,0,0
B0_1200,54,12,NA,0,0,0
B0_1301,54,8,11,0,0,0
B0_1315,54,11,NA,0,0,0
B0_174,54,9,3020,38,33,0
B0_2007,54,12,NA,5,8,0
B0_2045,54,12,NA,11,7,0
B0_2133,54,10,NA,3,3,0
B0_2207,54,12,NA,12,10,0
B0_230,54,10,18952,1198,1284,0
B0_247,54,9,NA,64,48,0
B0_320,54,10,NA,43,41,0
B0_370,54,10,5438,44,44,0
B0_387,54,12,NA,37,37,0
B0_4,54,9,193,6,7,0
B0_478,54,9,324,40,44,0
B0_48,54,11,26,26,25,0
B0_594,54,10,NA,16,17,0
B0_665,54,10,20518,51,56,0
B0_750,54,12,1682,16,17,0
B0_799,54,11,9208,0,0,0
B0_858,54,12,324,0,0,0
B0_968,54,11,NA,0,0,0
M0_102,55,12,NA,54,57,1
M0_84,55,12,NA,34,32,1
B0_1039,55,10,14953,0,0,0
B0_1047,55,9,2080,0,0,0
B0_1126,55,12,NA,0,0,0
B0_1146,55,10,12275,0,0,0
B0_1168,55,11,NA,0,0,0
B0_1187,55,10,NA,0,0,0
B0_1339,55,12,NA,0,0,0
B0_1354,55,9,NA,0,0,0
B0_1368,55,10,NA,0,0,0
B0_1421,55,12,66702,0,0,0
B0_177,55,8,NA,26,31,0
B0_201,55,11,NA,50,50,0
B0_2023,55,12,NA,21,4,0
B0_2071,55,9,NA,8,5,0
B0_21,55,10,13898,35,40,0
B0_2141,55,10,44324,4,4,0
B0_2190,55,12,NA,13,5,0
B0_2300,55,10,NA,11,10,0
B0_346,55,12,NA,42,47,0
B0_415,55,10,NA,54,67,0
B0_502,55,10,NA,31,30,0
B0_664,55,9,NA,66,74,0
B0_706,55,9,NA,48,44,0
B0_716,55,9,NA,43,36,0
B0_738,55,11,NA,55,61,0
B0_815,55,10,20474,0,0,0
B0_879,55,12,1819,0,0,0
B0_936,55,10,40179,0,0,0
B0_959,55,11,324,0,0,0
M0_93,56,11,NA,9,9,1
B0_1,56,8,257,0,2,0
B0_1110,56,12,25471,0,0,0
B0_1124,56,11,7215,0,0,0
B0_1144,56,11,0,0,0,0
B0_1179,56,12,1819,0,0,0
B0_1214,56,9,965,0,0,0
B0_1227,56,10,NA,0,0,0
B0_1276,56,12,3042,0,0,0
B0_1317,56,10,324,0,0,0
B0_1396,56,11,8741,0,0,0
B0_2062,56,10,NA,4,5,0
B0_2215,56,10,14672,11,5,0
B0_225,56,9,NA,69,59,0
B0_2281,56,11,229,5,7,0
B0_249,56,9,NA,32,27,0
B0_28,56,11,324,26,17,0
B0_394,56,11,189,31,30,0
B0_421,56,9,324,14,14,0
B0_473,56,9,NA,21,21,0
B0_514,56,12,NA,14,15,0
B0_522,56,13,67283,43,44,0
B0_56,56,12,1523,43,46,0
B0_615,56,10,324,24,18,0
B0_714,56,12,NA,16,18,0
B0_853,56,9,1264,0,0,0
B0_867,56,9,225,0,0,0
B0_881,56,11,17072,0,0,0
B0_943,56,11,17541,0,0,0
B0_944,56,10,NA,0,0,0
B0_98,56,11,NA,14,14,0
B0_984,56,11,NA,0,0,0
B0_986,56,11,3782,0,0,0
B0_1041,57,9,355,0,0,0
B0_1092,57,11,7340,0,0,0
B0_1249,57,11,5796,0,0,0
B0_1348,57,10,NA,0,0,0
B0_1414,57,9,NA,0,0,0
B0_2081,57,11,448,2,4,0
B0_2130,57,11,17249,15,19,0
B0_2150,57,11,324,8,10,0
B0_2167,57,10,324,7,5,0
B0_2173,57,12,20504,4,6,0
B0_2191,57,12,6828,13,5,0
B0_250,57,10,NA,75,65,0
B0_299,57,10,1510,43,47,0
B0_375,57,10,NA,18,19,0
B0_413,57,10,NA,20,19,0
B0_458,57,12,11202,83,83,0
B0_517,57,9,6588,23,24,0
B0_535,57,10,345,33,37,0
B0_546,57,13,NA,48,40,0
B0_578,57,11,NA,38,45,0
B0_625,57,11,234,25,23,0
B0_636,57,10,21046,111,148,0
B0_732,57,11,23463,22,21,0
B0_749,57,10,324,66,65,0
B0_75,57,11,NA,11,12,0
B0_791,57,11,241,0,0,0
B0_86,57,7,1182,14,15,0
B0_882,57,12,NA,0,0,0
B0_932,57,13,NA,0,0,0
B0_996,57,11,10280,0,0,0
M0_103,58,12,NA,52,53,1
M0_83,58,13,5962,14,15,1
B0_1025,58,12,NA,0,0,0
B0_1107,58,8,58,0,0,0
B0_1256,58,10,324,0,0,0
B0_1274,58,11,324,0,0,0
B0_2031,58,9,NA,5,4,0
B0_2074,58,11,NA,4,5,0
B0_2201,58,10,208082,5,7,0
B0_2223,58,11,NA,5,9,0
B0_2254,58,11,NA,4,7,0
B0_302,58,8,345,13,12,0
B0_329,58,12,324,58,63,0
B0_338,58,10,NA,7,8,0
B0_358,58,9,324,18,18,0
B0_368,58,9,324,19,17,0
B0_554,58,10,1688,17,5,0
B0_598,58,11,NA,52,53,0
B0_604,58,11,NA,26,23,0
B0_776,58,9,NA,0,0,0
B0_845,58,11,NA,0,0,0
B0_857,58,11,1179,0,0,0
B0_921,58,12,90837,0,0,0
B0_1081,59,11,NA,0,0,0
B0_1119,59,11,NA,0,0,0
B0_1138,59,10,NA,0,0,0
B0_1153,59,11,NA,0,0,0
B0_12,59,10,26958,21,17,0
B0_1206,59,12,162,0,0,0
B0_1233,59,10,19404,0,0,0
B0_1269,59,11,162,0,0,0
B0_1331,59,10,324,0,0,0
B0_1358,59,10,352,0,0,0
B0_1399,59,9,NA,0,0,0
B0_1417,59,11,7697,0,0,0
B0_2047,59,10,324,6,6,0
B0_2050,59,13,9322,8,12,0
B0_2115,59,10,NA,10,16,0
B0_2243,59,11,NA,10,13,0
B0_227,59,15,NA,28,25,0
B0_265,59,9,12629,26,27,0
B0_296,59,11,324,30,24,0
B0_397,59,9,324,18,19,0
B0_426,59,13,NA,8,5,0
B0_486,59,13,324,33,32,0
B0_516,59,11,5290,21,22,0
B0_592,59,11,12965,52,51,0
B0_600,59,13,324,16,14,0
B0_618,59,11,NA,13,13,0
B0_620,59,10,NA,14,15,0
B0_674,59,12,162,30,24,0
B0_718,59,11,125,44,46,0
B0_779,59,12,1511,0,0,0
B0_802,59,11,5290,0,0,0
B0_87,59,12,NA,18,16,0
B0_93,59,10,19867,29,23,0
B0_999,59,13,NA,0,0,0
B0_1031,60,11,NA,0,0,0
B0_119,60,11,198,5,7,0
B0_1211,60,11,1973,0,0,0
B0_1278,60,10,NA,0,0,0
B0_1297,60,11,243,0,0,0
B0_1400,60,11,324,0,0,0
B0_2035,60,10,21666,9,10,0
B0_2053,60,12,NA,8,9,0
B0_2108,60,10,8774,6,9,0
B0_2168,60,13,1819,1,4,0
B0_2292,60,11,2544,4,4,0
B0_2312,60,13,NA,10,11,0
B0_359,60,11,NA,35,41,0
B0_384,60,12,NA,8,8,0
B0_447,60,9,324,7,7,0
B0_611,60,11,NA,35,35,0
B0_627,60,11,40582,107,79,0
B0_635,60,13,NA,44,44,0
B0_662,60,11,19671,53,54,0
B0_675,60,13,NA,32,26,0
B0_70,60,12,NA,117,134,0
B0_770,60,12,NA,5,6,0
B0_8,60,11,NA,18,18,0
B0_953,60,9,824,0,0,0
B0_972,60,13,NA,0,0,0
M0_56,61,12,526,0,2,1
B0_1113,61,10,324,0,0,0
B0_1189,61,12,4576,0,0,0
B0_1231,61,12,39198,0,0,0
B0_1290,61,11,NA,0,0,0
B0_1366,61,10,6473,0,0,0
B0_1409,61,9,11,0,0,0
B0_157,61,11,11780,28,24,0
B0_164,61,12,NA,24,22,0
B0_2012,61,12,1522,4,6,0
B0_2059,61,12,NA,5,7,0
B0_2086,61,9,NA,12,10,0
B0_2091,61,10,NA,5,8,0
B0_2200,61,11,257,4,4,0
B0_2210,61,12,NA,20,10,0
B0_2287,61,11,257,10,15,0
B0_2322,61,11,NA,7,5,0
B0_240,61,11,8864,34,36,0
B0_272,61,13,267,11,13,0
B0_342,61,13,NA,39,40,0
B0_350,61,11,NA,29,35,0
B0_924,61,14,25090,0,0,0
B0_973,61,10,4347,0,0,0
B0_106,62,13,6567,14,13,0
B0_1106,62,13,NA,0,0,0
B0_1133,62,12,NA,0,0,0
B0_1171,62,13,6567,0,0,0
B0_1212,62,12,20986,0,0,0
B0_1255,62,12,NA,0,0,0
B0_1327,62,13,12440,0,0,0
B0_1330,62,10,245,0,0,0
B0_1379,62,9,324,0,0,0
B0_276,62,11,NA,15,19,0
B0_383,62,11,382,25,21,0
B0_743,62,11,2192,38,37,0
B0_788,62,11,324,0,0,0
B0_917,62,12,9285,0,0,0
B0_995,62,12,NA,0,0,0
B0_100,63,14,NA,22,22,0
B0_1000,63,12,7221,0,0,0
B0_1182,63,11,14506,0,0,0
B0_1202,63,13,NA,0,0,0
B0_1291,63,12,NA,0,0,0
B0_204,63,11,324,73,42,0
B0_2041,63,11,NA,4,6,0
B0_2154,63,10,324,3,4,0
B0_2276,63,9,345,4,7,0
B0_3,63,12,NA,52,51,0
B0_380,63,12,1853,106,124,0
B0_417,63,14,NA,30,25,0
B0_497,63,11,3475,33,24,0
B0_52,63,11,42913,48,46,0
B0_547,63,13,324,38,44,0
B0_558,63,12,NA,18,22,0
B0_679,63,11,NA,43,28,0
B0_7,63,10,18235,6,8,0
B0_722,63,10,324,41,33,0
B0_754,63,10,NA,40,36,0
B0_757,63,14,320,194,217,0
B0_771,63,11,5858,25,25,0
B0_1105,64,11,NA,0,0,0
B0_1147,64,13,NA,0,0,0
B0_1267,64,11,9418,0,0,0
B0_1320,64,13,19111,0,0,0
B0_1364,64,13,NA,0,0,0
B0_1376,64,10,NA,0,0,0
B0_191,64,10,NA,17,9,0
B0_2049,64,11,NA,2,4,0
B0_2114,64,12,NA,5,9,0
B0_2195,64,11,NA,7,9,0
B0_318,64,13,NA,14,17,0
B0_323,64,11,9498,14,16,0
B0_405,64,11,NA,49,42,0
B0_657,64,10,324,30,29,0
B0_78,64,13,324,24,24,0
B0_844,64,13,32344,0,0,0
B0_860,64,14,NA,0,0,0
B0_983,64,11,34,0,0,0
B0_1003,65,11,3830,0,0,0
B0_1356,65,12,NA,0,0,0
B0_1367,65,11,36377,0,0,0
B0_186,65,12,NA,43,26,0
B0_2129,65,14,NA,6,6,0
B0_2189,65,14,NA,32,14,0
B0_224,65,10,NA,49,54,0
B0_344,65,12,NA,13,12,0
B0_449,65,11,12339,22,23,0
B0_481,65,14,NA,330,442,0
B0_538,65,13,330,34,34,0
B0_76,65,12,NA,37,37,0
B0_825,65,11,245,0,0,0
B0_929,65,11,40035,0,0,0
M0_85,66,14,58,19,18,1
B0_1018,66,13,14750,0,0,0
B0_1040,66,10,NA,0,0,0
B0_1406,66,12,NA,0,0,0
B0_2134,66,11,9405,15,4,0
B0_2187,66,10,NA,6,7,0
B0_31,66,12,251,15,15,0
B0_846,66,15,NA,0,0,0
B0_933,66,11,241,0,0,0
B0_969,66,15,36571,0,0,0
M0_177,67,14,NA,18,17,1
B0_1023,67,14,NA,0,0,0
B0_1197,67,12,NA,0,0,0
B0_1248,67,9,4440,0,0,0
B0_1309,67,10,NA,0,0,0
B0_198,67,9,324,33,32,0
B0_2057,67,9,355,7,7,0
B0_2120,67,10,3640,12,11,0
B0_2298,67,13,317,8,9,0
B0_339,67,12,197,13,14,0
B0_440,67,12,15742,20,22,0
B0_513,67,14,4710,67,60,0
B0_643,67,11,26117,20,24,0
B0_655,67,13,NA,28,34,0
B0_88,67,13,NA,21,18,0
B0_1235,68,13,13340,0,0,0
B0_1254,68,13,NA,0,0,0
B0_1386,68,12,3257,0,0,0
B0_148,68,11,6795,22,23,0
B0_2286,68,12,NA,11,11,0
B0_2288,68,12,NA,5,7,0
B0_27,68,14,12606,27,28,0
B0_327,68,13,NA,24,25,0
B0_651,68,15,NA,53,55,0
B0_684,68,12,12503,48,45,0
B0_734,68,14,NA,56,57,0
B0_79,68,11,NA,52,58,0
B0_866,68,11,NA,0,0,0
B0_957,68,12,NA,0,0,0
M0_178,69,13,194,14,12,1
B0_1077,69,14,3933,0,0,0
B0_1098,69,13,13920,0,0,0
B0_115,69,13,248,23,21,0
B0_1194,69,12,1500,0,0,0
B0_1271,69,11,NA,0,0,0
B0_1273,69,11,12564,0,0,0
B0_133,69,13,NA,10,10,0
B0_1395,69,12,NA,0,0,0
B0_2006,69,12,NA,4,4,0
B0_2246,69,11,NA,3,4,0
B0_372,69,12,NA,54,50,0
B0_459,69,12,360,27,26,0
B0_47,69,13,NA,18,20,0
B0_530,69,12,NA,35,30,0
B0_545,69,11,NA,25,23,0
B0_58,69,11,NA,27,30,0
B0_745,69,14,NA,35,33,0
B0_955,69,14,33493,0,0,0
M1_1,70,12,NA,17,17,1
B0_1016,70,15,61974,0,0,0
B0_1045,70,13,65423,0,0,0
B0_1057,70,15,324,0,0,0
B0_1155,70,14,518,0,0,0
B0_1169,70,13,NA,0,0,0
B0_1246,70,14,8742,0,0,0
B0_130,70,12,NA,13,15,0
B0_1407,70,12,NA,0,0,0
B0_151,70,15,11397,54,45,0
B0_2028,70,15,NA,6,9,0
B0_2161,70,13,118672,10,10,0
B0_2169,70,13,8187,5,8,0
B0_2283,70,13,NA,16,12,0
B0_2308,70,10,356,49,50,0
B0_260,70,13,NA,39,33,0
B0_264,70,13,324,12,12,0
B0_367,70,12,41417,9,12,0
B0_654,70,14,13481,54,53,0
B0_681,70,12,NA,23,27,0
B0_893,70,14,23103,0,0,0
B0_899,70,13,11,0,0,0
B0_941,70,13,NA,0,0,0
B0_1067,71,6,324,0,0,0
B0_1173,71,16,NA,0,0,0
B0_1345,71,14,8992,0,0,0
B0_1371,71,13,NA,0,0,0
B0_168,71,13,11988,79,82,0
B0_175,71,12,34,53,51,0
B0_207,71,12,13522,36,35,0
B0_66,71,11,NA,32,32,0
B0_669,71,12,318,29,23,0
B0_678,71,14,337,43,28,0
B0_692,71,11,NA,35,35,0
B0_707,71,14,NA,25,23,0
B0_72,71,12,NA,71,77,0
B0_728,71,11,13596,12,11,0
B0_828,71,11,324,0,0,0
B0_875,71,15,324,0,0,0
B0_1145,72,14,324,0,0,0
B0_1164,72,14,31624,0,0,0
B0_1172,72,16,NA,0,0,0
B0_1275,72,12,NA,0,0,0
B0_1282,72,12,1853,0,0,0
B0_1313,72,12,NA,0,0,0
B0_141,72,15,NA,53,52,0
B0_2040,72,13,NA,14,16,0
B0_2084,72,14,14092,12,8,0
B0_24,72,12,NA,33,33,0
B0_244,72,9,2819,45,26,0
B0_335,72,15,33528,22,28,0
B0_343,72,12,363,32,29,0
B0_489,72,13,1832,15,16,0
B0_623,72,12,324,84,102,0
B0_852,72,14,NA,0,0,0
B0_888,72,11,NA,0,0,0
B0_930,72,11,1145,0,0,0
B0_1001,73,14,NA,0,0,0
B0_1074,73,17,13240,0,0,0
B0_1082,73,13,NA,0,0,0
B0_1184,73,14,32103,0,0,0
B0_1229,73,15,484,0,0,0
B0_1240,73,13,NA,0,0,0
B0_132,73,13,NA,33,34,0
B0_1334,73,15,330,0,0,0
B0_213,73,15,44491,210,278,0
B0_2235,73,11,12487,22,19,0
B0_2248,73,11,3674,3,5,0
B0_2321,73,17,NA,11,14,0
B0_279,73,15,3591,29,36,0
B0_36,73,12,17908,23,25,0
B0_559,73,13,18901,55,48,0
B0_699,73,12,NA,55,60,0
B0_804,73,17,NA,0,0,0
M0_167,74,11,NA,19,17,1
B0_1162,74,12,324,0,0,0
B0_147,74,15,46884,8,2,0
B0_2208,74,13,NA,3,5,0
B0_2251,74,12,324,5,6,0
B0_352,74,16,NA,14,13,0
B0_454,74,13,NA,25,23,0
M0_62,75,13,193,10,9,1
B0_1360,75,15,8417,0,0,0
B0_196,75,16,NA,41,39,0
B0_2238,75,14,4721,4,6,0
B0_248,75,13,324,27,19,0
B0_404,75,14,NA,49,42,0
B0_868,75,12,NA,0,0,0
B0_987,75,15,NA,0,0,0
B0_2157,76,13,92183,10,7,0
B0_534,76,15,12368,55,57,0
B0_80,76,12,324,32,30,0
B0_81,76,13,324,24,19,0
B0_842,76,12,9672,0,0,0
B0_912,76,14,17721,0,0,0
B0_2013,77,15,324,5,8,0
B0_2174,77,13,NA,17,15,0
B0_2272,77,14,324,6,7,0
B0_431,77,14,NA,34,36,0
B0_432,77,14,22409,31,30,0
B0_735,77,13,63049,43,40,0
B0_751,77,14,NA,31,31,0
B0_1203,78,10,23146,0,0,0
B0_134,78,16,NA,17,17,0
B0_1393,78,17,NA,0,0,0
B0_2021,78,11,NA,17,18,0
B0_212,78,15,13,8,2,0
B0_2146,78,16,9313,13,14,0
B0_2203,78,13,28508,8,9,0
B0_2211,78,15,9,8,9,0
B0_278,78,13,NA,47,47,0
B0_433,78,10,23144,42,41,0
B0_680,78,12,13707,24,24,0
B0_748,78,13,11,66,65,0
B0_784,78,12,NA,0,0,0
B0_964,78,17,NA,0,0,0
B0_99,78,16,2743,27,31,0
B0_1072,79,13,1245,0,0,0
B0_1121,79,14,6748,0,0,0
B0_1193,79,14,NA,0,0,0
B0_1223,79,9,53420,0,0,0
B0_1355,79,15,46887,0,0,0
B0_2164,79,15,NA,6,8,0
B0_269,79,16,11593,19,19,0
B0_456,79,15,NA,17,7,0
B0_1086,80,16,7240,0,0,0
B0_1094,80,12,471,0,0,0
B0_129,80,12,38149,45,43,0
B0_1389,80,15,NA,0,0,0
B0_142,80,13,NA,60,57,0
B0_2077,80,17,8619,22,15,0
B0_2145,80,14,324,5,7,0
B0_463,80,13,NA,20,20,0
B0_756,80,11,324,41,23,0
B0_810,80,16,NA,0,0,0
B0_849,80,13,11326,0,0,0
B0_878,80,12,236,0,0,0
M4_70,81,17,NA,0,2,1
M4_71,81,17,NA,0,2,1
B0_101,81,14,10527,79,76,0
B0_118,81,18,213,15,15,0
B0_2311,81,16,324,2,3,0
B0_469,81,15,NA,61,64,0
B0_519,81,13,324,22,27,0
B0_649,81,11,NA,31,23,0
B0_712,81,16,NA,19,20,0
B0_720,81,15,NA,21,22,0
B0_83,81,12,4897,51,47,0
M4_69,82,17,NA,0,2,1
M4_72,82,17,NA,0,3,1
M4_73,82,17,NA,0,2,1
M4_74,82,17,NA,0,2,1
B0_2051,82,13,8521,8,9,0
B0_2060,82,17,324,5,6,0
B0_2267,82,14,NA,5,7,0
B0_228,82,17,9101,28,25,0
B0_284,82,17,NA,5,6,0
B0_382,82,13,324,37,45,0
B0_77,82,18,53520,49,49,0
B0_808,82,12,NA,0,0,0
B0_97,82,14,NA,20,18,0
M4_64,83,17,NA,1,5,1
B0_1035,83,17,NA,0,0,0
B0_202,83,11,NA,17,16,0
B0_2096,83,16,NA,7,5,0
B0_210,83,21,2034,26,25,0
B0_232,83,14,NA,32,32,0
B0_423,83,15,34930,33,34,0
B0_488,83,19,5866,15,16,0
B0_752,83,13,162,28,20,0
B0_806,83,17,46886,0,0,0
M0_63,84,15,11323,29,27,1
B0_1071,84,17,12773,0,0,0
B0_1385,84,12,23412,0,0,0
B0_1394,84,15,8326,0,0,0
B0_219,84,14,NA,73,70,0
B0_2225,84,14,11243,11,13,0
M0_61,85,13,8364,43,40,1
B0_1048,85,18,NA,0,0,0
B0_2083,85,12,NA,7,9,0
B0_2256,85,15,27976,7,9,0
B0_1261,86,15,NA,0,0,0
B0_1352,86,17,58,0,0,0
B0_2075,86,16,3500,30,11,0
B0_2196,86,17,959,10,13,0
B0_340,86,13,13747,26,18,0
B0_430,86,16,14291,71,53,0
B0_595,86,15,NA,14,15,0
B0_958,86,16,15108,0,0,0
B0_1069,87,17,NA,0,0,0
B0_122,87,13,15187,32,34,0
B0_2181,87,18,NA,8,10,0
B0_407,87,15,9083,20,18,0
B0_508,87,14,324,21,20,0
B0_589,87,16,30824,23,21,0
B0_892,87,16,48831,0,0,0
B0_1006,88,14,257,0,0,0
B0_2022,88,15,411,12,14,0
B0_2306,88,17,9084,8,8,0
B0_2318,88,17,NA,4,6,0
B0_378,88,16,NA,34,50,0
B0_42,88,15,13776,24,26,0
B0_494,88,15,NA,15,16,0
B0_591,88,13,33799,90,110,0
B0_785,88,16,9083,0,0,0
M4_27,89,18,NA,0,2,1
B0_2017,89,12,30193,25,7,0
B0_2039,89,20,NA,4,4,0
B0_2117,89,16,NA,9,5,0
B0_2159,89,13,324,6,4,0
B0_2175,89,14,246324,7,7,0
B0_2178,89,16,0,6,4,0
B0_336,89,17,37836,59,53,0
B0_672,89,15,19856,79,89,0
B0_768,89,20,NA,29,30,0
B0_1004,90,15,NA,0,0,0
B0_2255,90,16,40605,7,9,0
B0_2273,90,17,392,7,4,0
B0_57,90,17,NA,23,24,0
B0_621,90,16,19793,42,48,0
B0_767,90,17,NA,8,2,0
B0_960,90,16,NA,0,0,0
B0_533,91,17,38155,43,41,0
B0_645,91,14,9406,17,15,0
B0_821,91,19,20,0,0,0
B0_1093,92,19,5610,0,0,0
B0_1324,92,18,30285,0,0,0
B0_475,92,17,9084,22,18,0
B0_566,92,18,11363,55,52,0
B0_629,92,15,37687,17,16,0
B0_826,92,16,38483,0,0,0
B0_901,92,18,NA,0,0,0
M4_63,93,19,NA,1,4,1
B0_139,93,19,16479,49,45,0
M0_168,94,20,58,19,17,1
M4_65,94,19,NA,1,4,1
M4_68,94,19,NA,0,3,1
B0_668,94,19,8404,26,23,0
M4_66,95,19,NA,1,4,1
M4_67,95,19,NA,1,5,1
B0_1183,95,14,6783,0,0,0
B0_1253,95,19,NA,0,0,0
B0_185,95,19,162,14,22,0
B0_2094,95,15,324,8,9,0
B0_2209,95,19,9,5,5,0
B0_1263,96,18,55367,0,0,0
B0_805,96,15,9,0,0,0
B0_819,96,19,NA,0,0,0
M0_172,97,15,8755,3,6,1
M0_174,97,15,8762,3,6,1
B0_255,97,17,NA,47,47,0
B0_300,97,19,7778,23,26,0
B0_673,97,15,324,46,37,0
B0_1208,98,19,324,0,0,0
B0_2063,98,16,NA,16,16,0
B0_2216,98,18,NA,6,5,0
B0_243,98,18,NA,52,46,0
B0_355,98,16,6730,28,30,0
B0_693,98,18,NA,25,14,0
M4_17,99,20,NA,0,2,1
M4_7,99,20,NA,0,3,1
B0_1134,99,14,2743,0,0,0
B0_2234,99,16,12588,4,5,0
B0_334,99,22,2346,23,29,0
B0_374,99,15,NA,24,24,0
M4_1,100,20,NA,2,4,1
M4_10,100,20,NA,0,3,1
M4_11,100,20,NA,0,3,1
M4_12,100,20,NA,0,3,1
M4_13,100,20,NA,0,3,1
M4_14,100,20,NA,0,3,1
M4_15,100,20,NA,0,2,1
M4_16,100,20,NA,0,2,1
M4_18,100,20,NA,0,2,1
M4_19,100,20,NA,0,2,1
M4_2,100,20,NA,1,3,1
M4_20,100,20,NA,0,2,1
M4_21,100,20,NA,0,2,1
M4_22,100,20,NA,0,3,1
M4_23,100,20,NA,0,3,1
M4_24,100,20,NA,0,3,1
M4_25,100,20,NA,0,2,1
M4_26,100,20,NA,0,2,1
M4_3,100,20,NA,1,3,1
M4_4,100,20,NA,1,3,1
M4_5,100,20,NA,1,3,1
M4_6,100,20,NA,1,3,1
M4_8,100,20,NA,0,3,1
M4_9,100,20,NA,0,3,1
B0_187,100,17,14060,43,28,0
B0_2042,100,15,NA,8,13,0
B0_490,100,19,5272,29,27,0
B0_1058,101,21,NA,0,0,0
B0_193,101,20,NA,49,74,0
B0_214,101,20,4678,38,32,0
B0_2170,101,16,NA,5,3,0
B0_540,101,20,11833,68,72,0
B0_574,101,18,27131,69,76,0
B0_763,101,19,54473,51,84,0
B0_772,101,15,7503,4,5,0
B0_1156,102,16,NA,0,0,0
B0_1280,102,12,NA,0,0,0
B0_1377,102,20,9,0,0,0
B0_653,102,17,NA,54,53,0
B0_922,102,18,24702,0,0,0
B0_1064,103,21,15591,0,0,0
B0_1199,103,17,15666,0,0,0
B0_1292,103,17,NA,0,0,0
B0_1328,103,16,NA,0,0,0
B0_1426,103,20,10843,0,0,0
B0_1251,104,17,9,0,0,0
B0_2058,104,16,257,4,5,0
B0_2165,104,18,NA,3,4,0
B0_613,104,20,NA,18,17,0
B0_906,104,17,NA,0,0,0
M0_113,105,20,11230,26,26,1
B0_114,105,21,26857,43,44,0
B0_2102,105,17,14060,18,11,0
B0_935,105,22,NA,0,0,0
B0_1043,106,21,NA,0,0,0
B0_1281,106,18,65670,0,0,0
B0_2249,106,18,75176,7,8,0
B0_313,106,19,324,24,22,0
B0_526,106,19,15058,60,61,0
B0_925,106,22,6298,0,0,0
B0_2236,107,23,25886,6,4,0
B0_1302,108,21,162,0,0,0
B0_301,108,23,NA,13,12,0
B0_512,108,18,NA,36,34,0
B0_851,109,20,9,0,0,0
B0_872,109,18,33481,0,0,0
B0_1034,110,21,42290,0,0,0
B0_46,110,15,22264,12,13,0
B0_188,111,22,12027,17,12,0
B0_466,112,19,NA,8,17,0
B0_877,112,19,162,0,0,0
B0_1120,113,18,39517,0,0,0
B0_2018,113,21,16230,7,9,0
B0_1135,114,17,162,0,0,0
B0_2092,114,23,NA,4,4,0
B0_2252,114,19,NA,15,11,0
B0_690,114,18,36816,71,71,0
B0_1322,115,18,NA,0,0,0
B0_135,115,20,10315,19,18,0
B0_411,115,19,NA,53,41,0
B0_1014,116,19,NA,0,0,0
B0_257,116,18,324,28,38,0
B0_605,116,18,NA,27,26,0
B0_166,117,22,NA,27,25,0
B0_452,117,19,6804,24,22,0
B0_35,118,28,NA,14,11,0
B0_561,118,23,NA,34,33,0
B0_398,120,20,324,77,78,0
B0_529,120,20,100163,19,18,0
M4_29,122,22,NA,0,2,1
M4_38,122,23,NA,0,2,1
B0_2149,122,23,6121,23,20,0
B0_425,122,21,892,23,16,0
M4_31,123,24,NA,0,3,1
M4_42,123,25,NA,0,2,1
B0_1015,123,18,73927,0,0,0
B0_143,123,24,NA,99,157,0
B0_422,123,21,20,15,13,0
B0_54,123,21,5268,22,6,0
M4_53,124,23,NA,0,3,1
M4_59,124,24,NA,0,2,1
B0_103,125,20,NA,50,56,0
M4_33,126,25,NA,0,2,1
M4_36,126,24,NA,0,2,1
M4_51,126,23,NA,0,2,1
M4_58,126,25,NA,0,3,1
B0_145,126,22,NA,13,12,0
B0_2080,126,22,9032,2,4,0
B0_719,126,19,6244,16,15,0
B0_2226,128,25,29840,4,7,0
M4_37,129,25,NA,0,2,1
B0_2072,129,18,52552,9,4,0
M0_118,131,36,NA,16,8,1
M4_52,132,26,NA,0,3,1
M4_60,132,27,NA,1,4,1
M4_55,134,24,NA,0,2,1
M4_30,135,26,NA,0,3,1
M4_44,135,27,NA,0,2,1
M4_46,135,26,NA,0,3,1
B0_834,136,43,649263,0,0,0
B0_1215,137,25,345,0,0,0
B0_84,139,21,35170,51,47,0
M4_50,140,26,NA,0,3,1
M4_34,141,27,NA,0,3,1
B0_583,141,24,NA,39,35,0
B0_744,141,30,NA,16,19,0
B0_531,142,22,3929,74,68,0
M4_32,143,26,NA,0,2,1
M4_47,143,27,NA,0,2,1
B0_2233,143,22,374,6,7,0
B0_412,144,21,14060,25,17,0
M4_28,145,26,NA,0,2,1
M4_40,145,27,NA,0,3,1
M4_56,145,29,NA,0,2,1
B0_216,145,31,38361,18,19,0
M4_49,146,27,NA,0,3,1
M4_57,146,28,NA,0,2,1
B0_221,146,24,11833,33,33,0
B0_1361,149,23,6748,0,0,0
M4_35,150,26,NA,0,3,1
M4_54,151,29,NA,0,3,1
B0_755,154,21,11104,41,23,0
M4_62,156,31,NA,1,5,1
B0_62,160,29,36829,25,22,0
B0_2237,161,23,417,7,11,0
B0_2099,169,25,NA,6,9,0
M4_43,170,17,NA,0,2,1
M4_61,173,34,NA,1,5,1
M4_39,178,16,NA,0,3,1
B0_156,183,29,4890,30,26,0
M4_45,194,17,NA,0,3,1
M4_48,194,16,NA,0,3,1
M4_41,198,17,NA,0,2,1
B0_162,201,34,8904,87,89,0
B0_1152,234,34,NA,0,0,0
B0_676,249,40,24435,25,28,0
